Game ID,Wk,Day,Date,Time,Home,xG Home,G Home,Away,xG Away,G Away,League,Season,Score,Match Link
0,1.0,Sat,2019-08-24,18:00,Parma,0.3,0,Juventus,1.4,1,Serie-A,2019-2020,-1,https://fbref.com/en/matches/2b01c68a/Parma-Juventus-August-24-2019-Serie-A
1,1.0,Sat,2019-08-24,20:45,Fiorentina,1.7,3,Napoli,2.0,4,Serie-A,2019-2020,-1,https://fbref.com/en/matches/de16a772/Fiorentina-Napoli-August-24-2019-Serie-A
2,1.0,Sun,2019-08-25,18:00,Udinese,0.8,1,Milan,0.7,0,Serie-A,2019-2020,1,https://fbref.com/en/matches/5d32941f/Udinese-Milan-August-25-2019-Serie-A
3,1.0,Sun,2019-08-25,20:45,SPAL,1.6,2,Atalanta,1.8,3,Serie-A,2019-2020,-1,https://fbref.com/en/matches/0326af7e/SPAL-Atalanta-August-25-2019-Serie-A
4,1.0,Sun,2019-08-25,20:45,Roma,2.5,3,Genoa,1.3,3,Serie-A,2019-2020,0,https://fbref.com/en/matches/3ac8069d/Roma-Genoa-August-25-2019-Serie-A
5,1.0,Sun,2019-08-25,20:45,Torino,1.2,2,Sassuolo,1.3,1,Serie-A,2019-2020,1,https://fbref.com/en/matches/6237b77f/Torino-Sassuolo-August-25-2019-Serie-A
6,1.0,Sun,2019-08-25,20:45,Hellas Verona,0.2,1,Bologna,1.8,1,Serie-A,2019-2020,0,https://fbref.com/en/matches/a8b82bb0/Hellas-Verona-Bologna-August-25-2019-Serie-A
7,1.0,Sun,2019-08-25,20:45,Sampdoria,0.7,0,Lazio,1.8,3,Serie-A,2019-2020,-1,https://fbref.com/en/matches/de72f334/Sampdoria-Lazio-August-25-2019-Serie-A
8,1.0,Sun,2019-08-25,20:45,Cagliari,1.2,0,Brescia,1.3,1,Serie-A,2019-2020,-1,https://fbref.com/en/matches/fb06cc65/Cagliari-Brescia-August-25-2019-Serie-A
9,1.0,Mon,2019-08-26,20:45,Inter,1.7,4,Lecce,0.6,0,Serie-A,2019-2020,1,https://fbref.com/en/matches/813ea7be/Internazionale-Lecce-August-26-2019-Serie-A
11,2.0,Fri,2019-08-30,20:45,Bologna,4.0,1,SPAL,0.8,0,Serie-A,2019-2020,1,https://fbref.com/en/matches/ba549b1e/Bologna-SPAL-August-30-2019-Serie-A
12,2.0,Sat,2019-08-31,18:00,Milan,1.5,1,Brescia,0.7,0,Serie-A,2019-2020,1,https://fbref.com/en/matches/27c01148/Milan-Brescia-August-31-2019-Serie-A
13,2.0,Sat,2019-08-31,20:45,Juventus,1.8,4,Napoli,1.4,3,Serie-A,2019-2020,1,https://fbref.com/en/matches/14afe9c6/Juventus-Napoli-August-31-2019-Serie-A
14,2.0,Sun,2019-09-01,18:00,Lazio,2.2,1,Roma,1.3,1,Serie-A,2019-2020,0,https://fbref.com/en/matches/5f3fe07d/Lazio-Roma-September-1-2019-Serie-A
15,2.0,Sun,2019-09-01,20:45,Sassuolo,2.2,4,Sampdoria,1.3,1,Serie-A,2019-2020,1,https://fbref.com/en/matches/1dea6b5e/Sassuolo-Sampdoria-September-1-2019-Serie-A
16,2.0,Sun,2019-09-01,20:45,Udinese,1.4,1,Parma,1.3,3,Serie-A,2019-2020,-1,https://fbref.com/en/matches/2b67d770/Udinese-Parma-September-1-2019-Serie-A
17,2.0,Sun,2019-09-01,20:45,Genoa,2.1,2,Fiorentina,1.9,1,Serie-A,2019-2020,1,https://fbref.com/en/matches/355e9742/Genoa-Fiorentina-September-1-2019-Serie-A
18,2.0,Sun,2019-09-01,20:45,Cagliari,0.5,1,Inter,1.7,2,Serie-A,2019-2020,-1,https://fbref.com/en/matches/5dba4b71/Cagliari-Internazionale-September-1-2019-Serie-A
19,2.0,Sun,2019-09-01,20:45,Lecce,0.9,0,Hellas Verona,1.4,1,Serie-A,2019-2020,-1,https://fbref.com/en/matches/a9c723e3/Lecce-Hellas-Verona-September-1-2019-Serie-A
20,2.0,Sun,2019-09-01,20:45,Atalanta,1.8,2,Torino,0.8,3,Serie-A,2019-2020,-1,https://fbref.com/en/matches/e55b020e/Atalanta-Torino-September-1-2019-Serie-A
22,3.0,Sat,2019-09-14,15:00,Fiorentina,1.8,0,Juventus,0.4,0,Serie-A,2019-2020,0,https://fbref.com/en/matches/79509455/Fiorentina-Juventus-September-14-2019-Serie-A
23,3.0,Sat,2019-09-14,18:00,Napoli,1.6,2,Sampdoria,2.2,0,Serie-A,2019-2020,1,https://fbref.com/en/matches/a47ce106/Napoli-Sampdoria-September-14-2019-Serie-A
24,3.0,Sat,2019-09-14,20:45,Inter,1.6,1,Udinese,0.3,0,Serie-A,2019-2020,1,https://fbref.com/en/matches/a56b68f2/Internazionale-Udinese-September-14-2019-Serie-A
25,3.0,Sun,2019-09-15,12:30,Genoa,1.4,1,Atalanta,2.5,2,Serie-A,2019-2020,-1,https://fbref.com/en/matches/7fb132b4/Genoa-Atalanta-September-15-2019-Serie-A
26,3.0,Sun,2019-09-15,15:00,Brescia,1.3,3,Bologna,3.0,4,Serie-A,2019-2020,-1,https://fbref.com/en/matches/3d263c0c/Brescia-Bologna-September-15-2019-Serie-A
27,3.0,Sun,2019-09-15,15:00,SPAL,1.3,2,Lazio,1.4,1,Serie-A,2019-2020,1,https://fbref.com/en/matches/6d0c347f/SPAL-Lazio-September-15-2019-Serie-A
28,3.0,Sun,2019-09-15,15:00,Parma,1.8,1,Cagliari,0.5,3,Serie-A,2019-2020,-1,https://fbref.com/en/matches/c88fa28b/Parma-Cagliari-September-15-2019-Serie-A
29,3.0,Sun,2019-09-15,18:00,Roma,2.6,4,Sassuolo,1.3,2,Serie-A,2019-2020,1,https://fbref.com/en/matches/ab5a64e6/Roma-Sassuolo-September-15-2019-Serie-A
30,3.0,Sun,2019-09-15,20:45,Hellas Verona,0.5,0,Milan,1.4,1,Serie-A,2019-2020,-1,https://fbref.com/en/matches/798a19ce/Hellas-Verona-Milan-September-15-2019-Serie-A
31,3.0,Mon,2019-09-16,20:45,Torino,2.0,1,Lecce,1.1,2,Serie-A,2019-2020,-1,https://fbref.com/en/matches/fb27614b/Torino-Lecce-September-16-2019-Serie-A
33,4.0,Fri,2019-09-20,20:45,Cagliari,1.2,3,Genoa,1.1,1,Serie-A,2019-2020,1,https://fbref.com/en/matches/7b837163/Cagliari-Genoa-September-20-2019-Serie-A
34,4.0,Sat,2019-09-21,15:00,Udinese,0.6,0,Brescia,0.8,1,Serie-A,2019-2020,-1,https://fbref.com/en/matches/d5dc14b8/Udinese-Brescia-September-21-2019-Serie-A
35,4.0,Sat,2019-09-21,18:00,Juventus,1.9,2,Hellas Verona,1.6,1,Serie-A,2019-2020,1,https://fbref.com/en/matches/c6a08826/Juventus-Hellas-Verona-September-21-2019-Serie-A
36,4.0,Sat,2019-09-21,20:45,Milan,1.0,0,Inter,2.1,2,Serie-A,2019-2020,-1,https://fbref.com/en/matches/8d99b6b9/Derby-della-Madonnina-Milan-Internazionale-September-21-2019-Serie-A
37,4.0,Sun,2019-09-22,12:30,Sassuolo,1.6,3,SPAL,1.1,0,Serie-A,2019-2020,1,https://fbref.com/en/matches/af15f020/Sassuolo-SPAL-September-22-2019-Serie-A
38,4.0,Sun,2019-09-22,15:00,Bologna,1.3,1,Roma,1.5,2,Serie-A,2019-2020,-1,https://fbref.com/en/matches/48229e4d/Bologna-Roma-September-22-2019-Serie-A
39,4.0,Sun,2019-09-22,15:00,Sampdoria,1.6,1,Torino,0.3,0,Serie-A,2019-2020,1,https://fbref.com/en/matches/847fbff1/Sampdoria-Torino-September-22-2019-Serie-A
40,4.0,Sun,2019-09-22,15:00,Lecce,1.5,1,Napoli,2.9,4,Serie-A,2019-2020,-1,https://fbref.com/en/matches/d110cc88/Lecce-Napoli-September-22-2019-Serie-A
41,4.0,Sun,2019-09-22,18:00,Atalanta,1.6,2,Fiorentina,1.0,2,Serie-A,2019-2020,0,https://fbref.com/en/matches/ab7e6f6a/Atalanta-Fiorentina-September-22-2019-Serie-A
42,4.0,Sun,2019-09-22,20:45,Lazio,1.7,2,Parma,0.5,0,Serie-A,2019-2020,1,https://fbref.com/en/matches/38ef4b7d/Lazio-Parma-September-22-2019-Serie-A
44,5.0,Tue,2019-09-24,19:00,Hellas Verona,1.0,0,Udinese,0.6,0,Serie-A,2019-2020,0,https://fbref.com/en/matches/98d312ac/Hellas-Verona-Udinese-September-24-2019-Serie-A
45,5.0,Tue,2019-09-24,21:00,Brescia,0.7,1,Juventus,1.7,2,Serie-A,2019-2020,-1,https://fbref.com/en/matches/4317b763/Brescia-Juventus-September-24-2019-Serie-A
46,5.0,Wed,2019-09-25,19:00,Roma,1.8,0,Atalanta,1.8,2,Serie-A,2019-2020,-1,https://fbref.com/en/matches/95b95a98/Roma-Atalanta-September-25-2019-Serie-A
47,5.0,Wed,2019-09-25,21:00,Fiorentina,1.6,2,Sampdoria,0.5,1,Serie-A,2019-2020,1,https://fbref.com/en/matches/1fb0e314/Fiorentina-Sampdoria-September-25-2019-Serie-A
48,5.0,Wed,2019-09-25,21:00,Napoli,2.0,0,Cagliari,0.5,1,Serie-A,2019-2020,-1,https://fbref.com/en/matches/5a8c1572/Napoli-Cagliari-September-25-2019-Serie-A
49,5.0,Wed,2019-09-25,21:00,Genoa,0.3,0,Bologna,1.7,0,Serie-A,2019-2020,0,https://fbref.com/en/matches/5dd39b2c/Genoa-Bologna-September-25-2019-Serie-A
50,5.0,Wed,2019-09-25,21:00,Inter,1.5,1,Lazio,1.2,0,Serie-A,2019-2020,1,https://fbref.com/en/matches/7e76d4d6/Internazionale-Lazio-September-25-2019-Serie-A
51,5.0,Wed,2019-09-25,21:00,SPAL,1.0,1,Lecce,2.2,3,Serie-A,2019-2020,-1,https://fbref.com/en/matches/a7d7a94e/SPAL-Lecce-September-25-2019-Serie-A
52,5.0,Wed,2019-09-25,21:00,Parma,1.7,1,Sassuolo,0.5,0,Serie-A,2019-2020,1,https://fbref.com/en/matches/bed42d99/Parma-Sassuolo-September-25-2019-Serie-A
53,5.0,Thu,2019-09-26,21:00,Torino,1.2,2,Milan,2.8,1,Serie-A,2019-2020,1,https://fbref.com/en/matches/b3269aca/Torino-Milan-September-26-2019-Serie-A
55,6.0,Sat,2019-09-28,15:00,Juventus,2.0,2,SPAL,0.2,0,Serie-A,2019-2020,1,https://fbref.com/en/matches/0d46187e/Juventus-SPAL-September-28-2019-Serie-A
56,6.0,Sat,2019-09-28,18:00,Sampdoria,1.1,1,Inter,2.2,3,Serie-A,2019-2020,-1,https://fbref.com/en/matches/a1177e74/Sampdoria-Internazionale-September-28-2019-Serie-A
57,6.0,Sat,2019-09-28,20:45,Sassuolo,0.5,1,Atalanta,2.3,4,Serie-A,2019-2020,-1,https://fbref.com/en/matches/c822ab60/Sassuolo-Atalanta-September-28-2019-Serie-A
58,6.0,Sun,2019-09-29,12:30,Napoli,2.0,2,Brescia,1.1,1,Serie-A,2019-2020,1,https://fbref.com/en/matches/86a3ee41/Napoli-Brescia-September-29-2019-Serie-A
59,6.0,Sun,2019-09-29,15:00,Udinese,0.7,1,Bologna,1.3,0,Serie-A,2019-2020,1,https://fbref.com/en/matches/1ace8aaa/Udinese-Bologna-September-29-2019-Serie-A
60,6.0,Sun,2019-09-29,15:00,Lecce,0.7,0,Roma,2.1,1,Serie-A,2019-2020,-1,https://fbref.com/en/matches/4c786abf/Lecce-Roma-September-29-2019-Serie-A
61,6.0,Sun,2019-09-29,15:00,Lazio,1.4,4,Genoa,0.9,0,Serie-A,2019-2020,1,https://fbref.com/en/matches/d62041b9/Lazio-Genoa-September-29-2019-Serie-A
62,6.0,Sun,2019-09-29,18:00,Cagliari,1.8,1,Hellas Verona,1.6,1,Serie-A,2019-2020,0,https://fbref.com/en/matches/527484ae/Cagliari-Hellas-Verona-September-29-2019-Serie-A
63,6.0,Sun,2019-09-29,20:45,Milan,0.6,1,Fiorentina,2.5,3,Serie-A,2019-2020,-1,https://fbref.com/en/matches/ec745de3/Milan-Fiorentina-September-29-2019-Serie-A
64,6.0,Mon,2019-09-30,20:45,Parma,3.6,3,Torino,2.2,2,Serie-A,2019-2020,1,https://fbref.com/en/matches/855b79d4/Parma-Torino-September-30-2019-Serie-A
66,7.0,Sat,2019-10-05,15:00,SPAL,1.2,1,Parma,0.4,0,Serie-A,2019-2020,1,https://fbref.com/en/matches/d91017ad/SPAL-Parma-October-5-2019-Serie-A
67,7.0,Sat,2019-10-05,18:00,Hellas Verona,0.7,2,Sampdoria,0.8,0,Serie-A,2019-2020,1,https://fbref.com/en/matches/6a7d53e1/Hellas-Verona-Sampdoria-October-5-2019-Serie-A
68,7.0,Sat,2019-10-05,20:45,Genoa,1.6,1,Milan,1.6,2,Serie-A,2019-2020,-1,https://fbref.com/en/matches/18840243/Genoa-Milan-October-5-2019-Serie-A
69,7.0,Sun,2019-10-06,12:30,Fiorentina,1.1,1,Udinese,0.9,0,Serie-A,2019-2020,1,https://fbref.com/en/matches/109f472f/Fiorentina-Udinese-October-6-2019-Serie-A
70,7.0,Sun,2019-10-06,15:00,Bologna,3.2,2,Lazio,1.8,2,Serie-A,2019-2020,0,https://fbref.com/en/matches/686d7ed4/Bologna-Lazio-October-6-2019-Serie-A
71,7.0,Sun,2019-10-06,15:00,Roma,1.7,1,Cagliari,1.1,1,Serie-A,2019-2020,0,https://fbref.com/en/matches/c1eb9f50/Roma-Cagliari-October-6-2019-Serie-A
72,7.0,Sun,2019-10-06,15:00,Atalanta,3.4,3,Lecce,1.3,1,Serie-A,2019-2020,1,https://fbref.com/en/matches/fe310ec0/Atalanta-Lecce-October-6-2019-Serie-A
73,7.0,Sun,2019-10-06,18:00,Torino,0.6,0,Napoli,0.9,0,Serie-A,2019-2020,0,https://fbref.com/en/matches/66ed3756/Torino-Napoli-October-6-2019-Serie-A
74,7.0,Sun,2019-10-06,20:45,Inter,1.6,1,Juventus,1.5,2,Serie-A,2019-2020,-1,https://fbref.com/en/matches/5026bc07/Derby-dItalia-Internazionale-Juventus-October-6-2019-Serie-A
76,8.0,Sat,2019-10-19,15:00,Lazio,2.9,3,Atalanta,2.6,3,Serie-A,2019-2020,0,https://fbref.com/en/matches/035b9138/Lazio-Atalanta-October-19-2019-Serie-A
77,8.0,Sat,2019-10-19,18:00,Napoli,2.4,2,Hellas Verona,1.7,0,Serie-A,2019-2020,1,https://fbref.com/en/matches/f99dc9fe/Napoli-Hellas-Verona-October-19-2019-Serie-A
78,8.0,Sat,2019-10-19,20:45,Juventus,2.0,2,Bologna,0.9,1,Serie-A,2019-2020,1,https://fbref.com/en/matches/7bdb3ce3/Juventus-Bologna-October-19-2019-Serie-A
79,8.0,Sun,2019-10-20,12:30,Sassuolo,0.7,3,Inter,2.6,4,Serie-A,2019-2020,-1,https://fbref.com/en/matches/2efbb915/Sassuolo-Internazionale-October-20-2019-Serie-A
80,8.0,Sun,2019-10-20,15:00,Udinese,1.7,1,Torino,0.6,0,Serie-A,2019-2020,1,https://fbref.com/en/matches/3472d845/Udinese-Torino-October-20-2019-Serie-A
81,8.0,Sun,2019-10-20,15:00,Cagliari,1.0,2,SPAL,0.7,0,Serie-A,2019-2020,1,https://fbref.com/en/matches/467d496a/Cagliari-SPAL-October-20-2019-Serie-A
82,8.0,Sun,2019-10-20,15:00,Sampdoria,0.6,0,Roma,0.5,0,Serie-A,2019-2020,0,https://fbref.com/en/matches/d960f719/Sampdoria-Roma-October-20-2019-Serie-A
83,8.0,Sun,2019-10-20,18:00,Parma,2.2,5,Genoa,1.5,1,Serie-A,2019-2020,1,https://fbref.com/en/matches/497798e1/Parma-Genoa-October-20-2019-Serie-A
84,8.0,Sun,2019-10-20,20:45,Milan,1.8,2,Lecce,1.4,2,Serie-A,2019-2020,0,https://fbref.com/en/matches/b64ce217/Milan-Lecce-October-20-2019-Serie-A
85,8.0,Mon,2019-10-21,21:00,Brescia,0.5,0,Fiorentina,0.8,0,Serie-A,2019-2020,0,https://fbref.com/en/matches/2444c7ef/Brescia-Fiorentina-October-21-2019-Serie-A
87,9.0,Fri,2019-10-25,20:45,Hellas Verona,1.3,0,Sassuolo,1.4,1,Serie-A,2019-2020,-1,https://fbref.com/en/matches/11170e59/Hellas-Verona-Sassuolo-October-25-2019-Serie-A
88,9.0,Sat,2019-10-26,15:00,Lecce,1.1,1,Juventus,3.6,1,Serie-A,2019-2020,0,https://fbref.com/en/matches/9d7eb76c/Lecce-Juventus-October-26-2019-Serie-A
89,9.0,Sat,2019-10-26,18:00,Inter,2.5,2,Parma,1.0,2,Serie-A,2019-2020,0,https://fbref.com/en/matches/81cec5cf/Internazionale-Parma-October-26-2019-Serie-A
90,9.0,Sat,2019-10-26,20:45,Genoa,1.1,3,Brescia,1.2,1,Serie-A,2019-2020,1,https://fbref.com/en/matches/0e1aa64b/Genoa-Brescia-October-26-2019-Serie-A
91,9.0,Sun,2019-10-27,12:30,Bologna,1.9,2,Sampdoria,0.6,1,Serie-A,2019-2020,1,https://fbref.com/en/matches/dd08475c/Bologna-Sampdoria-October-27-2019-Serie-A
92,9.0,Sun,2019-10-27,15:00,SPAL,0.7,1,Napoli,0.8,1,Serie-A,2019-2020,0,https://fbref.com/en/matches/3dfaf9b4/SPAL-Napoli-October-27-2019-Serie-A
93,9.0,Sun,2019-10-27,15:00,Atalanta,5.4,7,Udinese,0.4,1,Serie-A,2019-2020,1,https://fbref.com/en/matches/4410ed27/Atalanta-Udinese-October-27-2019-Serie-A
94,9.0,Sun,2019-10-27,15:00,Torino,1.2,1,Cagliari,0.5,1,Serie-A,2019-2020,0,https://fbref.com/en/matches/96fb099e/Torino-Cagliari-October-27-2019-Serie-A
95,9.0,Sun,2019-10-27,18:00,Roma,1.1,2,Milan,0.6,1,Serie-A,2019-2020,1,https://fbref.com/en/matches/cdb7b0cf/Roma-Milan-October-27-2019-Serie-A
96,9.0,Sun,2019-10-27,20:45,Fiorentina,0.6,1,Lazio,2.1,2,Serie-A,2019-2020,-1,https://fbref.com/en/matches/0148cb07/Fiorentina-Lazio-October-27-2019-Serie-A
98,10.0,Tue,2019-10-29,19:00,Parma,1.4,0,Hellas Verona,0.3,1,Serie-A,2019-2020,-1,https://fbref.com/en/matches/a480ae7a/Parma-Hellas-Verona-October-29-2019-Serie-A
99,10.0,Tue,2019-10-29,21:00,Brescia,1.8,1,Inter,0.8,2,Serie-A,2019-2020,-1,https://fbref.com/en/matches/d1c79e58/Brescia-Internazionale-October-29-2019-Serie-A
100,10.0,Wed,2019-10-30,19:00,Napoli,2.7,2,Atalanta,1.8,2,Serie-A,2019-2020,0,https://fbref.com/en/matches/63b092b4/Napoli-Atalanta-October-30-2019-Serie-A
101,10.0,Wed,2019-10-30,21:00,Juventus,2.7,2,Genoa,0.4,1,Serie-A,2019-2020,1,https://fbref.com/en/matches/12d0d3b3/Juventus-Genoa-October-30-2019-Serie-A
102,10.0,Wed,2019-10-30,21:00,Lazio,2.1,4,Torino,0.8,0,Serie-A,2019-2020,1,https://fbref.com/en/matches/18839ced/Lazio-Torino-October-30-2019-Serie-A
103,10.0,Wed,2019-10-30,21:00,Sassuolo,0.8,1,Fiorentina,1.0,2,Serie-A,2019-2020,-1,https://fbref.com/en/matches/69d4c194/Sassuolo-Fiorentina-October-30-2019-Serie-A
104,10.0,Wed,2019-10-30,21:00,Udinese,0.7,0,Roma,3.2,4,Serie-A,2019-2020,-1,https://fbref.com/en/matches/8f542d14/Udinese-Roma-October-30-2019-Serie-A
105,10.0,Wed,2019-10-30,21:00,Sampdoria,1.6,1,Lecce,1.0,1,Serie-A,2019-2020,0,https://fbref.com/en/matches/be084a46/Sampdoria-Lecce-October-30-2019-Serie-A
106,10.0,Wed,2019-10-30,21:00,Cagliari,1.2,3,Bologna,1.1,2,Serie-A,2019-2020,1,https://fbref.com/en/matches/c3c909d6/Cagliari-Bologna-October-30-2019-Serie-A
107,10.0,Thu,2019-10-31,21:00,Milan,2.0,1,SPAL,0.5,0,Serie-A,2019-2020,1,https://fbref.com/en/matches/45a928c4/Milan-SPAL-October-31-2019-Serie-A
109,11.0,Sat,2019-11-02,15:00,Roma,2.2,2,Napoli,1.7,1,Serie-A,2019-2020,1,https://fbref.com/en/matches/73f92283/Derby-del-Sole-Roma-Napoli-November-2-2019-Serie-A
110,11.0,Sat,2019-11-02,18:00,Bologna,0.5,1,Inter,2.3,2,Serie-A,2019-2020,-1,https://fbref.com/en/matches/b68dc4ea/Bologna-Internazionale-November-2-2019-Serie-A
111,11.0,Sat,2019-11-02,20:45,Torino,0.4,0,Juventus,1.2,1,Serie-A,2019-2020,-1,https://fbref.com/en/matches/4c1cbd79/Torino-Juventus-November-2-2019-Serie-A
112,11.0,Sun,2019-11-03,12:30,Atalanta,1.2,0,Cagliari,0.9,2,Serie-A,2019-2020,-1,https://fbref.com/en/matches/3444ce4b/Atalanta-Cagliari-November-3-2019-Serie-A
113,11.0,Sun,2019-11-03,15:00,Hellas Verona,0.9,2,Brescia,0.9,1,Serie-A,2019-2020,1,https://fbref.com/en/matches/03171f2d/Hellas-Verona-Brescia-November-3-2019-Serie-A
114,11.0,Sun,2019-11-03,15:00,Genoa,1.2,1,Udinese,1.4,3,Serie-A,2019-2020,-1,https://fbref.com/en/matches/215d7497/Genoa-Udinese-November-3-2019-Serie-A
115,11.0,Sun,2019-11-03,15:00,Lecce,0.4,2,Sassuolo,2.2,2,Serie-A,2019-2020,0,https://fbref.com/en/matches/4754d203/Lecce-Sassuolo-November-3-2019-Serie-A
116,11.0,Sun,2019-11-03,18:00,Fiorentina,1.4,1,Parma,0.7,1,Serie-A,2019-2020,0,https://fbref.com/en/matches/07b1998d/Fiorentina-Parma-November-3-2019-Serie-A
117,11.0,Sun,2019-11-03,20:45,Milan,0.8,1,Lazio,1.0,2,Serie-A,2019-2020,-1,https://fbref.com/en/matches/86cc1b86/Milan-Lazio-November-3-2019-Serie-A
118,11.0,Mon,2019-11-04,20:45,SPAL,0.6,0,Sampdoria,0.8,1,Serie-A,2019-2020,-1,https://fbref.com/en/matches/5181f1fc/SPAL-Sampdoria-November-4-2019-Serie-A
120,12.0,Fri,2019-11-08,20:45,Sassuolo,2.2,3,Bologna,0.6,1,Serie-A,2019-2020,1,https://fbref.com/en/matches/da587b4e/Sassuolo-Bologna-November-8-2019-Serie-A
121,12.0,Sat,2019-11-09,15:00,Brescia,0.6,0,Torino,3.3,4,Serie-A,2019-2020,-1,https://fbref.com/en/matches/a95e968b/Brescia-Torino-November-9-2019-Serie-A
122,12.0,Sat,2019-11-09,18:00,Inter,2.4,2,Hellas Verona,1.3,1,Serie-A,2019-2020,1,https://fbref.com/en/matches/fc94b998/Internazionale-Hellas-Verona-November-9-2019-Serie-A
123,12.0,Sat,2019-11-09,20:45,Napoli,1.3,0,Genoa,1.2,0,Serie-A,2019-2020,0,https://fbref.com/en/matches/c01005cd/Napoli-Genoa-November-9-2019-Serie-A
124,12.0,Sun,2019-11-10,12:30,Cagliari,2.8,5,Fiorentina,1.0,2,Serie-A,2019-2020,1,https://fbref.com/en/matches/79ea19d6/Cagliari-Fiorentina-November-10-2019-Serie-A
125,12.0,Sun,2019-11-10,15:00,Udinese,1.7,0,SPAL,2.1,0,Serie-A,2019-2020,0,https://fbref.com/en/matches/28b51481/Udinese-SPAL-November-10-2019-Serie-A
126,12.0,Sun,2019-11-10,15:00,Sampdoria,1.1,0,Atalanta,0.6,0,Serie-A,2019-2020,0,https://fbref.com/en/matches/537cf17f/Sampdoria-Atalanta-November-10-2019-Serie-A
127,12.0,Sun,2019-11-10,15:00,Lazio,3.8,4,Lecce,2.5,2,Serie-A,2019-2020,1,https://fbref.com/en/matches/b701c357/Lazio-Lecce-November-10-2019-Serie-A
128,12.0,Sun,2019-11-10,18:00,Parma,0.9,2,Roma,0.8,0,Serie-A,2019-2020,1,https://fbref.com/en/matches/ea544224/Parma-Roma-November-10-2019-Serie-A
129,12.0,Sun,2019-11-10,20:45,Juventus,1.0,1,Milan,0.8,0,Serie-A,2019-2020,1,https://fbref.com/en/matches/a36cd4fc/Juventus-Milan-November-10-2019-Serie-A
131,13.0,Sat,2019-11-23,15:00,Atalanta,2.7,1,Juventus,1.2,3,Serie-A,2019-2020,-1,https://fbref.com/en/matches/8ab6d4c0/Atalanta-Juventus-November-23-2019-Serie-A
132,13.0,Sat,2019-11-23,18:00,Milan,0.9,1,Napoli,1.2,1,Serie-A,2019-2020,0,https://fbref.com/en/matches/90e89892/Milan-Napoli-November-23-2019-Serie-A
133,13.0,Sat,2019-11-23,20:45,Torino,0.6,0,Inter,1.4,3,Serie-A,2019-2020,-1,https://fbref.com/en/matches/d72ad0d5/Torino-Internazionale-November-23-2019-Serie-A
134,13.0,Sun,2019-11-24,12:30,Bologna,0.9,2,Parma,1.3,2,Serie-A,2019-2020,0,https://fbref.com/en/matches/0d88781a/Bologna-Parma-November-24-2019-Serie-A
135,13.0,Sun,2019-11-24,15:00,Hellas Verona,1.4,1,Fiorentina,0.8,0,Serie-A,2019-2020,1,https://fbref.com/en/matches/96d5142a/Hellas-Verona-Fiorentina-November-24-2019-Serie-A
136,13.0,Sun,2019-11-24,15:00,Sassuolo,1.0,1,Lazio,0.9,2,Serie-A,2019-2020,-1,https://fbref.com/en/matches/b0ede599/Sassuolo-Lazio-November-24-2019-Serie-A
137,13.0,Sun,2019-11-24,15:00,Roma,2.2,3,Brescia,0.4,0,Serie-A,2019-2020,1,https://fbref.com/en/matches/d1f9e7d1/Roma-Brescia-November-24-2019-Serie-A
138,13.0,Sun,2019-11-24,18:00,Sampdoria,2.2,2,Udinese,0.3,1,Serie-A,2019-2020,1,https://fbref.com/en/matches/7e327803/Sampdoria-Udinese-November-24-2019-Serie-A
139,13.0,Mon,2019-11-25,15:00,Lecce,3.4,2,Cagliari,1.0,2,Serie-A,2019-2020,0,https://fbref.com/en/matches/66e2d276/Lecce-Cagliari-November-25-2019-Serie-A
140,13.0,Mon,2019-11-25,20:45,SPAL,2.5,1,Genoa,1.5,1,Serie-A,2019-2020,0,https://fbref.com/en/matches/cf57501d/SPAL-Genoa-November-25-2019-Serie-A
142,14.0,Sat,2019-11-30,15:00,Brescia,1.2,0,Atalanta,2.7,3,Serie-A,2019-2020,-1,https://fbref.com/en/matches/6c36b7f9/Brescia-Atalanta-November-30-2019-Serie-A
143,14.0,Sat,2019-11-30,18:00,Genoa,1.0,0,Torino,1.4,1,Serie-A,2019-2020,-1,https://fbref.com/en/matches/64d52be7/Genoa-Torino-November-30-2019-Serie-A
144,14.0,Sat,2019-11-30,20:45,Fiorentina,1.5,0,Lecce,1.1,1,Serie-A,2019-2020,-1,https://fbref.com/en/matches/c501d180/Fiorentina-Lecce-November-30-2019-Serie-A
145,14.0,Sun,2019-12-01,12:30,Juventus,4.6,2,Sassuolo,0.7,2,Serie-A,2019-2020,0,https://fbref.com/en/matches/b94c6b3c/Juventus-Sassuolo-December-1-2019-Serie-A
146,14.0,Sun,2019-12-01,15:00,Lazio,2.9,3,Udinese,0.7,0,Serie-A,2019-2020,1,https://fbref.com/en/matches/05f6d0c2/Lazio-Udinese-December-1-2019-Serie-A
147,14.0,Sun,2019-12-01,15:00,Parma,0.3,0,Milan,1.8,1,Serie-A,2019-2020,-1,https://fbref.com/en/matches/51b61759/Parma-Milan-December-1-2019-Serie-A
148,14.0,Sun,2019-12-01,15:00,Inter,1.9,2,SPAL,1.2,1,Serie-A,2019-2020,1,https://fbref.com/en/matches/c0bac5fc/Internazionale-SPAL-December-1-2019-Serie-A
149,14.0,Sun,2019-12-01,18:00,Napoli,2.1,1,Bologna,1.2,2,Serie-A,2019-2020,-1,https://fbref.com/en/matches/2946d9e8/Napoli-Bologna-December-1-2019-Serie-A
150,14.0,Sun,2019-12-01,20:45,Hellas Verona,1.0,1,Roma,1.6,3,Serie-A,2019-2020,-1,https://fbref.com/en/matches/57d4957f/Hellas-Verona-Roma-December-1-2019-Serie-A
151,14.0,Mon,2019-12-02,20:45,Cagliari,0.8,4,Sampdoria,1.3,3,Serie-A,2019-2020,1,https://fbref.com/en/matches/3b6507f6/Cagliari-Sampdoria-December-2-2019-Serie-A
153,15.0,Fri,2019-12-06,20:45,Inter,1.5,0,Roma,0.2,0,Serie-A,2019-2020,0,https://fbref.com/en/matches/0f6ebeb9/Internazionale-Roma-December-6-2019-Serie-A
154,15.0,Sat,2019-12-07,15:00,Atalanta,2.4,3,Hellas Verona,0.9,2,Serie-A,2019-2020,1,https://fbref.com/en/matches/ee0308d1/Atalanta-Hellas-Verona-December-7-2019-Serie-A
155,15.0,Sat,2019-12-07,18:00,Udinese,0.5,1,Napoli,1.1,1,Serie-A,2019-2020,0,https://fbref.com/en/matches/d96391e7/Udinese-Napoli-December-7-2019-Serie-A
156,15.0,Sat,2019-12-07,20:45,Lazio,3.0,3,Juventus,1.6,1,Serie-A,2019-2020,1,https://fbref.com/en/matches/26bbc02a/Lazio-Juventus-December-7-2019-Serie-A
157,15.0,Sun,2019-12-08,12:30,Lecce,1.1,2,Genoa,2.2,2,Serie-A,2019-2020,0,https://fbref.com/en/matches/47ad14ea/Lecce-Genoa-December-8-2019-Serie-A
158,15.0,Sun,2019-12-08,15:00,SPAL,2.2,0,Brescia,1.9,1,Serie-A,2019-2020,-1,https://fbref.com/en/matches/8d1e3269/SPAL-Brescia-December-8-2019-Serie-A
159,15.0,Sun,2019-12-08,15:00,Sassuolo,1.8,2,Cagliari,0.5,2,Serie-A,2019-2020,0,https://fbref.com/en/matches/e224af01/Sassuolo-Cagliari-December-8-2019-Serie-A
160,15.0,Sun,2019-12-08,15:00,Torino,0.9,2,Fiorentina,1.9,1,Serie-A,2019-2020,1,https://fbref.com/en/matches/efd700b6/Torino-Fiorentina-December-8-2019-Serie-A
161,15.0,Sun,2019-12-08,18:00,Sampdoria,2.0,0,Parma,0.6,1,Serie-A,2019-2020,-1,https://fbref.com/en/matches/732cea3e/Sampdoria-Parma-December-8-2019-Serie-A
162,15.0,Sun,2019-12-08,20:45,Bologna,1.4,2,Milan,2.3,3,Serie-A,2019-2020,-1,https://fbref.com/en/matches/4b0489b2/Bologna-Milan-December-8-2019-Serie-A
164,16.0,Sat,2019-12-14,15:00,Brescia,3.6,3,Lecce,1.3,0,Serie-A,2019-2020,1,https://fbref.com/en/matches/21a85f0f/Brescia-Lecce-December-14-2019-Serie-A
165,16.0,Sat,2019-12-14,18:30,Napoli,2.2,1,Parma,1.2,2,Serie-A,2019-2020,-1,https://fbref.com/en/matches/e75fecfe/Napoli-Parma-December-14-2019-Serie-A
166,16.0,Sat,2019-12-14,20:45,Genoa,1.0,0,Sampdoria,0.3,1,Serie-A,2019-2020,-1,https://fbref.com/en/matches/18d1f4f9/Genoa-Sampdoria-December-14-2019-Serie-A
167,16.0,Sun,2019-12-15,12:30,Hellas Verona,2.4,3,Torino,1.6,3,Serie-A,2019-2020,0,https://fbref.com/en/matches/7d3b20e6/Hellas-Verona-Torino-December-15-2019-Serie-A
168,16.0,Sun,2019-12-15,15:00,Bologna,1.3,2,Atalanta,2.4,1,Serie-A,2019-2020,1,https://fbref.com/en/matches/319c3373/Bologna-Atalanta-December-15-2019-Serie-A
169,16.0,Sun,2019-12-15,15:00,Milan,2.2,0,Sassuolo,1.0,0,Serie-A,2019-2020,0,https://fbref.com/en/matches/61a7ee2d/Milan-Sassuolo-December-15-2019-Serie-A
170,16.0,Sun,2019-12-15,15:00,Juventus,1.6,3,Udinese,1.4,1,Serie-A,2019-2020,1,https://fbref.com/en/matches/6c411ec8/Juventus-Udinese-December-15-2019-Serie-A
171,16.0,Sun,2019-12-15,18:00,Roma,3.3,3,SPAL,1.1,1,Serie-A,2019-2020,1,https://fbref.com/en/matches/dc816e12/Roma-SPAL-December-15-2019-Serie-A
172,16.0,Sun,2019-12-15,20:45,Fiorentina,0.7,1,Inter,0.8,1,Serie-A,2019-2020,0,https://fbref.com/en/matches/71fca453/Fiorentina-Internazionale-December-15-2019-Serie-A
173,16.0,Mon,2019-12-16,20:45,Cagliari,1.5,1,Lazio,2.0,2,Serie-A,2019-2020,-1,https://fbref.com/en/matches/0d2f0bfa/Cagliari-Lazio-December-16-2019-Serie-A
175,17.0,Wed,2019-12-18,18:55,Sampdoria,0.7,1,Juventus,0.9,2,Serie-A,2019-2020,-1,https://fbref.com/en/matches/c7506830/Sampdoria-Juventus-December-18-2019-Serie-A
177,7.0,Wed,2019-12-18,20:45,Brescia,1.5,0,Sassuolo,0.6,2,Serie-A,2019-2020,-1,https://fbref.com/en/matches/53df47dc/Brescia-Sassuolo-December-18-2019-Serie-A
179,17.0,Fri,2019-12-20,20:45,Fiorentina,1.6,1,Roma,1.7,4,Serie-A,2019-2020,-1,https://fbref.com/en/matches/8f370809/Fiorentina-Roma-December-20-2019-Serie-A
180,17.0,Sat,2019-12-21,15:00,Udinese,2.0,2,Cagliari,0.7,1,Serie-A,2019-2020,1,https://fbref.com/en/matches/64202847/Udinese-Cagliari-December-21-2019-Serie-A
181,17.0,Sat,2019-12-21,18:00,Inter,2.5,4,Genoa,0.7,0,Serie-A,2019-2020,1,https://fbref.com/en/matches/46b11d4b/Internazionale-Genoa-December-21-2019-Serie-A
182,17.0,Sat,2019-12-21,20:45,Torino,1.4,1,SPAL,1.0,2,Serie-A,2019-2020,-1,https://fbref.com/en/matches/c9eded12/Torino-SPAL-December-21-2019-Serie-A
183,17.0,Sun,2019-12-22,12:30,Atalanta,2.1,5,Milan,0.4,0,Serie-A,2019-2020,1,https://fbref.com/en/matches/d3815642/Atalanta-Milan-December-22-2019-Serie-A
184,17.0,Sun,2019-12-22,15:00,Lecce,1.3,2,Bologna,4.1,3,Serie-A,2019-2020,-1,https://fbref.com/en/matches/48d7fa77/Lecce-Bologna-December-22-2019-Serie-A
185,17.0,Sun,2019-12-22,15:00,Parma,0.9,1,Brescia,2.0,1,Serie-A,2019-2020,0,https://fbref.com/en/matches/9965b7ce/Parma-Brescia-December-22-2019-Serie-A
186,17.0,Sun,2019-12-22,20:45,Sassuolo,1.3,1,Napoli,1.4,2,Serie-A,2019-2020,-1,https://fbref.com/en/matches/d5147fd0/Sassuolo-Napoli-December-22-2019-Serie-A
188,18.0,Sun,2020-01-05,12:30,Brescia,0.3,1,Lazio,1.9,2,Serie-A,2019-2020,-1,https://fbref.com/en/matches/c870e65e/Brescia-Lazio-January-5-2020-Serie-A
189,18.0,Sun,2020-01-05,15:00,SPAL,1.7,0,Hellas Verona,2.1,2,Serie-A,2019-2020,-1,https://fbref.com/en/matches/fc06c687/SPAL-Hellas-Verona-January-5-2020-Serie-A
190,18.0,Sun,2020-01-05,18:00,Genoa,2.9,2,Sassuolo,0.9,1,Serie-A,2019-2020,1,https://fbref.com/en/matches/9fc85829/Genoa-Sassuolo-January-5-2020-Serie-A
191,18.0,Sun,2020-01-05,20:45,Roma,2.1,0,Torino,2.0,2,Serie-A,2019-2020,-1,https://fbref.com/en/matches/eb12043e/Roma-Torino-January-5-2020-Serie-A
192,18.0,Mon,2020-01-06,12:30,Bologna,0.8,1,Fiorentina,0.4,1,Serie-A,2019-2020,0,https://fbref.com/en/matches/56a6b396/Derby-dellAppennino-Bologna-Fiorentina-January-6-2020-Serie-A
193,18.0,Mon,2020-01-06,15:00,Milan,1.5,0,Sampdoria,0.9,0,Serie-A,2019-2020,0,https://fbref.com/en/matches/0c8847d2/Milan-Sampdoria-January-6-2020-Serie-A
194,18.0,Mon,2020-01-06,15:00,Juventus,2.8,4,Cagliari,0.6,0,Serie-A,2019-2020,1,https://fbref.com/en/matches/b7aca984/Juventus-Cagliari-January-6-2020-Serie-A
195,18.0,Mon,2020-01-06,15:00,Atalanta,2.2,5,Parma,0.2,0,Serie-A,2019-2020,1,https://fbref.com/en/matches/bdaebb99/Atalanta-Parma-January-6-2020-Serie-A
196,18.0,Mon,2020-01-06,18:00,Lecce,0.7,0,Udinese,0.7,1,Serie-A,2019-2020,-1,https://fbref.com/en/matches/b924eec7/Lecce-Udinese-January-6-2020-Serie-A
197,18.0,Mon,2020-01-06,20:45,Napoli,1.6,1,Inter,1.4,3,Serie-A,2019-2020,-1,https://fbref.com/en/matches/4729665f/Napoli-Internazionale-January-6-2020-Serie-A
199,19.0,Sat,2020-01-11,15:00,Cagliari,0.7,0,Milan,1.2,2,Serie-A,2019-2020,-1,https://fbref.com/en/matches/bae24797/Cagliari-Milan-January-11-2020-Serie-A
200,19.0,Sat,2020-01-11,18:00,Lazio,1.3,1,Napoli,0.7,0,Serie-A,2019-2020,1,https://fbref.com/en/matches/d47d92d7/Lazio-Napoli-January-11-2020-Serie-A
201,19.0,Sat,2020-01-11,20:45,Inter,0.7,1,Atalanta,2.5,1,Serie-A,2019-2020,0,https://fbref.com/en/matches/6986f646/Internazionale-Atalanta-January-11-2020-Serie-A
202,19.0,Sun,2020-01-12,12:30,Udinese,1.3,3,Sassuolo,0.8,0,Serie-A,2019-2020,1,https://fbref.com/en/matches/1dadbcaa/Udinese-Sassuolo-January-12-2020-Serie-A
203,19.0,Sun,2020-01-12,15:00,Fiorentina,1.8,1,SPAL,1.0,0,Serie-A,2019-2020,1,https://fbref.com/en/matches/9587a6b9/Fiorentina-SPAL-January-12-2020-Serie-A
204,19.0,Sun,2020-01-12,15:00,Torino,0.5,1,Bologna,2.1,0,Serie-A,2019-2020,1,https://fbref.com/en/matches/a8cdf836/Torino-Bologna-January-12-2020-Serie-A
205,19.0,Sun,2020-01-12,15:00,Sampdoria,2.7,5,Brescia,0.9,1,Serie-A,2019-2020,1,https://fbref.com/en/matches/d5867ce6/Sampdoria-Brescia-January-12-2020-Serie-A
206,19.0,Sun,2020-01-12,18:00,Hellas Verona,2.5,2,Genoa,0.8,1,Serie-A,2019-2020,1,https://fbref.com/en/matches/dc13e242/Hellas-Verona-Genoa-January-12-2020-Serie-A
207,19.0,Sun,2020-01-12,20:45,Roma,2.6,1,Juventus,1.4,2,Serie-A,2019-2020,-1,https://fbref.com/en/matches/e673ce9b/Roma-Juventus-January-12-2020-Serie-A
208,19.0,Mon,2020-01-13,20:45,Parma,1.8,2,Lecce,0.9,0,Serie-A,2019-2020,1,https://fbref.com/en/matches/aa1b597c/Parma-Lecce-January-13-2020-Serie-A
210,20.0,Sat,2020-01-18,15:00,Lazio,4.5,5,Sampdoria,0.5,1,Serie-A,2019-2020,1,https://fbref.com/en/matches/6ba0fa51/Lazio-Sampdoria-January-18-2020-Serie-A
211,20.0,Sat,2020-01-18,18:00,Sassuolo,1.0,2,Torino,1.0,1,Serie-A,2019-2020,1,https://fbref.com/en/matches/5afdc2eb/Sassuolo-Torino-January-18-2020-Serie-A
212,20.0,Sat,2020-01-18,20:45,Napoli,0.7,0,Fiorentina,1.0,2,Serie-A,2019-2020,-1,https://fbref.com/en/matches/501f868e/Napoli-Fiorentina-January-18-2020-Serie-A
213,20.0,Sun,2020-01-19,12:30,Milan,2.6,3,Udinese,1.1,2,Serie-A,2019-2020,1,https://fbref.com/en/matches/af53ca66/Milan-Udinese-January-19-2020-Serie-A
214,20.0,Sun,2020-01-19,15:00,Brescia,1.4,2,Cagliari,3.7,2,Serie-A,2019-2020,0,https://fbref.com/en/matches/1f804ab6/Brescia-Cagliari-January-19-2020-Serie-A
215,20.0,Sun,2020-01-19,15:00,Lecce,1.2,1,Inter,1.7,1,Serie-A,2019-2020,0,https://fbref.com/en/matches/5b4d3822/Lecce-Internazionale-January-19-2020-Serie-A
216,20.0,Sun,2020-01-19,15:00,Bologna,1.1,1,Hellas Verona,2.1,1,Serie-A,2019-2020,0,https://fbref.com/en/matches/f4a91ad0/Bologna-Hellas-Verona-January-19-2020-Serie-A
217,20.0,Sun,2020-01-19,18:00,Genoa,1.6,1,Roma,2.3,3,Serie-A,2019-2020,-1,https://fbref.com/en/matches/28e3f6cf/Genoa-Roma-January-19-2020-Serie-A
218,20.0,Sun,2020-01-19,20:45,Juventus,1.2,2,Parma,0.3,1,Serie-A,2019-2020,1,https://fbref.com/en/matches/c29fc8cd/Juventus-Parma-January-19-2020-Serie-A
219,20.0,Mon,2020-01-20,20:45,Atalanta,2.5,1,SPAL,1.3,2,Serie-A,2019-2020,-1,https://fbref.com/en/matches/4d8d8572/Atalanta-SPAL-January-20-2020-Serie-A
221,21.0,Fri,2020-01-24,20:45,Brescia,1.2,0,Milan,2.1,1,Serie-A,2019-2020,-1,https://fbref.com/en/matches/dfc9a38c/Brescia-Milan-January-24-2020-Serie-A
222,21.0,Sat,2020-01-25,15:00,SPAL,1.8,1,Bologna,2.0,3,Serie-A,2019-2020,-1,https://fbref.com/en/matches/a73b807f/SPAL-Bologna-January-25-2020-Serie-A
223,21.0,Sat,2020-01-25,18:00,Fiorentina,1.4,0,Genoa,1.7,0,Serie-A,2019-2020,0,https://fbref.com/en/matches/9025bbe5/Fiorentina-Genoa-January-25-2020-Serie-A
224,21.0,Sat,2020-01-25,20:45,Torino,0.6,0,Atalanta,4.9,7,Serie-A,2019-2020,-1,https://fbref.com/en/matches/b9252e68/Torino-Atalanta-January-25-2020-Serie-A
225,21.0,Sun,2020-01-26,12:30,Inter,1.4,1,Cagliari,0.9,1,Serie-A,2019-2020,0,https://fbref.com/en/matches/2104f4e6/Internazionale-Cagliari-January-26-2020-Serie-A
226,21.0,Sun,2020-01-26,15:00,Parma,1.3,2,Udinese,1.9,0,Serie-A,2019-2020,1,https://fbref.com/en/matches/1808c963/Parma-Udinese-January-26-2020-Serie-A
227,21.0,Sun,2020-01-26,15:00,Hellas Verona,2.6,3,Lecce,0.6,0,Serie-A,2019-2020,1,https://fbref.com/en/matches/616e22ee/Hellas-Verona-Lecce-January-26-2020-Serie-A
228,21.0,Sun,2020-01-26,15:00,Sampdoria,1.4,0,Sassuolo,0.3,0,Serie-A,2019-2020,0,https://fbref.com/en/matches/a0cb6940/Sampdoria-Sassuolo-January-26-2020-Serie-A
229,21.0,Sun,2020-01-26,18:00,Roma,2.0,1,Lazio,1.1,1,Serie-A,2019-2020,0,https://fbref.com/en/matches/58a281a4/Roma-Lazio-January-26-2020-Serie-A
230,21.0,Sun,2020-01-26,20:45,Napoli,1.4,2,Juventus,1.0,1,Serie-A,2019-2020,1,https://fbref.com/en/matches/6e318964/Napoli-Juventus-January-26-2020-Serie-A
232,22.0,Sat,2020-02-01,15:00,Bologna,2.0,2,Brescia,0.9,1,Serie-A,2019-2020,1,https://fbref.com/en/matches/bfd19bd0/Bologna-Brescia-February-1-2020-Serie-A
233,22.0,Sat,2020-02-01,18:00,Cagliari,2.6,2,Parma,2.2,2,Serie-A,2019-2020,0,https://fbref.com/en/matches/94221afe/Cagliari-Parma-February-1-2020-Serie-A
234,22.0,Sat,2020-02-01,20:45,Sassuolo,2.3,4,Roma,2.8,2,Serie-A,2019-2020,1,https://fbref.com/en/matches/992a9b6c/Sassuolo-Roma-February-1-2020-Serie-A
235,22.0,Sun,2020-02-02,12:30,Juventus,2.9,3,Fiorentina,0.8,0,Serie-A,2019-2020,1,https://fbref.com/en/matches/d7d81564/Juventus-Fiorentina-February-2-2020-Serie-A
236,22.0,Sun,2020-02-02,15:00,Lazio,2.3,5,SPAL,0.9,1,Serie-A,2019-2020,1,https://fbref.com/en/matches/3741fa7c/Lazio-SPAL-February-2-2020-Serie-A
237,22.0,Sun,2020-02-02,15:00,Milan,1.7,1,Hellas Verona,1.3,1,Serie-A,2019-2020,0,https://fbref.com/en/matches/d6f40768/Milan-Hellas-Verona-February-2-2020-Serie-A
238,22.0,Sun,2020-02-02,15:00,Atalanta,2.6,2,Genoa,1.5,2,Serie-A,2019-2020,0,https://fbref.com/en/matches/f6a65910/Atalanta-Genoa-February-2-2020-Serie-A
239,22.0,Sun,2020-02-02,18:00,Lecce,2.1,4,Torino,0.9,0,Serie-A,2019-2020,1,https://fbref.com/en/matches/6eaa2d6c/Lecce-Torino-February-2-2020-Serie-A
240,22.0,Sun,2020-02-02,20:45,Udinese,0.7,0,Inter,2.5,2,Serie-A,2019-2020,-1,https://fbref.com/en/matches/49236a42/Udinese-Internazionale-February-2-2020-Serie-A
241,22.0,Mon,2020-02-03,20:45,Sampdoria,1.9,2,Napoli,1.3,4,Serie-A,2019-2020,-1,https://fbref.com/en/matches/2b131af8/Sampdoria-Napoli-February-3-2020-Serie-A
243,17.0,Wed,2020-02-05,20:45,Lazio,1.3,0,Hellas Verona,0.8,0,Serie-A,2019-2020,0,https://fbref.com/en/matches/97c2d01d/Lazio-Hellas-Verona-February-5-2020-Serie-A
245,23.0,Fri,2020-02-07,20:45,Roma,1.7,2,Bologna,1.1,3,Serie-A,2019-2020,-1,https://fbref.com/en/matches/ecad1892/Roma-Bologna-February-7-2020-Serie-A
246,23.0,Sat,2020-02-08,15:00,Fiorentina,0.7,1,Atalanta,1.7,2,Serie-A,2019-2020,-1,https://fbref.com/en/matches/6d548812/Fiorentina-Atalanta-February-8-2020-Serie-A
247,23.0,Sat,2020-02-08,18:00,Torino,0.7,1,Sampdoria,1.8,3,Serie-A,2019-2020,-1,https://fbref.com/en/matches/9f8ea9de/Torino-Sampdoria-February-8-2020-Serie-A
248,23.0,Sat,2020-02-08,20:45,Hellas Verona,1.9,2,Juventus,0.9,1,Serie-A,2019-2020,1,https://fbref.com/en/matches/a0d5f40b/Hellas-Verona-Juventus-February-8-2020-Serie-A
249,23.0,Sun,2020-02-09,12:30,SPAL,1.4,1,Sassuolo,2.3,2,Serie-A,2019-2020,-1,https://fbref.com/en/matches/a1d940ef/SPAL-Sassuolo-February-9-2020-Serie-A
250,23.0,Sun,2020-02-09,15:00,Genoa,1.2,1,Cagliari,1.2,0,Serie-A,2019-2020,1,https://fbref.com/en/matches/6e54e5fd/Genoa-Cagliari-February-9-2020-Serie-A
251,23.0,Sun,2020-02-09,15:00,Napoli,3.5,2,Lecce,1.7,3,Serie-A,2019-2020,-1,https://fbref.com/en/matches/e307e4b1/Napoli-Lecce-February-9-2020-Serie-A
252,23.0,Sun,2020-02-09,15:00,Brescia,0.6,1,Udinese,2.3,1,Serie-A,2019-2020,0,https://fbref.com/en/matches/e38d97d7/Brescia-Udinese-February-9-2020-Serie-A
253,23.0,Sun,2020-02-09,18:00,Parma,1.0,0,Lazio,1.6,1,Serie-A,2019-2020,-1,https://fbref.com/en/matches/b0859f3c/Parma-Lazio-February-9-2020-Serie-A
254,23.0,Sun,2020-02-09,20:45,Inter,2.0,4,Milan,2.2,2,Serie-A,2019-2020,1,https://fbref.com/en/matches/b175fd39/Derby-della-Madonnina-Internazionale-Milan-February-9-2020-Serie-A
256,24.0,Sat,2020-02-15,15:00,Lecce,1.6,2,SPAL,1.6,1,Serie-A,2019-2020,1,https://fbref.com/en/matches/342f9a57/Lecce-SPAL-February-15-2020-Serie-A
257,24.0,Sat,2020-02-15,18:00,Bologna,0.6,0,Genoa,1.5,3,Serie-A,2019-2020,-1,https://fbref.com/en/matches/d15818f6/Bologna-Genoa-February-15-2020-Serie-A
258,24.0,Sat,2020-02-15,20:45,Atalanta,1.6,2,Roma,0.4,1,Serie-A,2019-2020,1,https://fbref.com/en/matches/282c05ad/Atalanta-Roma-February-15-2020-Serie-A
259,24.0,Sun,2020-02-16,12:30,Udinese,0.8,0,Hellas Verona,1.2,0,Serie-A,2019-2020,0,https://fbref.com/en/matches/58f06b8f/Udinese-Hellas-Verona-February-16-2020-Serie-A
260,24.0,Sun,2020-02-16,15:00,Juventus,2.6,2,Brescia,0.3,0,Serie-A,2019-2020,1,https://fbref.com/en/matches/2352cfdc/Juventus-Brescia-February-16-2020-Serie-A
261,24.0,Sun,2020-02-16,15:00,Sassuolo,1.5,0,Parma,0.8,1,Serie-A,2019-2020,-1,https://fbref.com/en/matches/b0c770e4/Sassuolo-Parma-February-16-2020-Serie-A
262,24.0,Sun,2020-02-16,15:00,Sampdoria,1.7,1,Fiorentina,3.0,5,Serie-A,2019-2020,-1,https://fbref.com/en/matches/c2b25480/Sampdoria-Fiorentina-February-16-2020-Serie-A
263,24.0,Sun,2020-02-16,18:00,Cagliari,0.3,0,Napoli,0.9,1,Serie-A,2019-2020,-1,https://fbref.com/en/matches/db8bff69/Cagliari-Napoli-February-16-2020-Serie-A
264,24.0,Sun,2020-02-16,20:45,Lazio,1.7,2,Inter,0.6,1,Serie-A,2019-2020,1,https://fbref.com/en/matches/ba3e212b/Lazio-Internazionale-February-16-2020-Serie-A
265,24.0,Mon,2020-02-17,20:45,Milan,1.1,1,Torino,0.4,0,Serie-A,2019-2020,1,https://fbref.com/en/matches/b8ca4f50/Milan-Torino-February-17-2020-Serie-A
267,25.0,Fri,2020-02-21,20:45,Brescia,1.2,1,Napoli,1.5,2,Serie-A,2019-2020,-1,https://fbref.com/en/matches/ef152c0d/Brescia-Napoli-February-21-2020-Serie-A
268,25.0,Sat,2020-02-22,15:00,Bologna,1.3,1,Udinese,0.6,1,Serie-A,2019-2020,0,https://fbref.com/en/matches/f35dfd9b/Bologna-Udinese-February-22-2020-Serie-A
269,25.0,Sat,2020-02-22,18:00,SPAL,1.2,1,Juventus,2.0,2,Serie-A,2019-2020,-1,https://fbref.com/en/matches/d2801f5c/SPAL-Juventus-February-22-2020-Serie-A
270,25.0,Sat,2020-02-22,20:45,Fiorentina,2.0,1,Milan,0.7,1,Serie-A,2019-2020,0,https://fbref.com/en/matches/c39988ae/Fiorentina-Milan-February-22-2020-Serie-A
271,25.0,Sun,2020-02-23,12:30,Genoa,1.3,2,Lazio,1.4,3,Serie-A,2019-2020,-1,https://fbref.com/en/matches/731a430e/Genoa-Lazio-February-23-2020-Serie-A
272,25.0,Sun,2020-02-23,18:00,Roma,3.7,4,Lecce,0.7,0,Serie-A,2019-2020,1,https://fbref.com/en/matches/903297ed/Roma-Lecce-February-23-2020-Serie-A
274,26.0,Sat,2020-02-29,15:00,Lazio,1.7,2,Bologna,1.7,0,Serie-A,2019-2020,1,https://fbref.com/en/matches/5cd79f53/Lazio-Bologna-February-29-2020-Serie-A
275,26.0,Sat,2020-02-29,20:45,Napoli,1.8,2,Torino,0.7,1,Serie-A,2019-2020,1,https://fbref.com/en/matches/2dca2b92/Napoli-Torino-February-29-2020-Serie-A
276,26.0,Sun,2020-03-01,15:00,Lecce,0.4,2,Atalanta,4.6,7,Serie-A,2019-2020,-1,https://fbref.com/en/matches/0a142183/Lecce-Atalanta-March-1-2020-Serie-A
277,26.0,Sun,2020-03-01,18:00,Cagliari,1.1,3,Roma,2.7,4,Serie-A,2019-2020,-1,https://fbref.com/en/matches/333ca4d6/Cagliari-Roma-March-1-2020-Serie-A
278,26.0,Sun,2020-03-08,13:30,Parma,1.3,0,SPAL,1.2,1,Serie-A,2019-2020,-1,https://fbref.com/en/matches/ceecf227/Parma-SPAL-March-8-2020-Serie-A
279,26.0,Sun,2020-03-08,15:00,Milan,1.8,1,Genoa,1.9,2,Serie-A,2019-2020,-1,https://fbref.com/en/matches/81983acf/Milan-Genoa-March-8-2020-Serie-A
280,26.0,Sun,2020-03-08,15:00,Sampdoria,1.6,2,Hellas Verona,1.6,1,Serie-A,2019-2020,1,https://fbref.com/en/matches/9cfb3488/Sampdoria-Hellas-Verona-March-8-2020-Serie-A
281,26.0,Sun,2020-03-08,18:00,Udinese,0.9,0,Fiorentina,0.4,0,Serie-A,2019-2020,0,https://fbref.com/en/matches/bdb59761/Udinese-Fiorentina-March-8-2020-Serie-A
282,26.0,Sun,2020-03-08,20:45,Juventus,1.1,2,Inter,0.6,0,Serie-A,2019-2020,1,https://fbref.com/en/matches/3e2338d1/Derby-dItalia-Juventus-Internazionale-March-8-2020-Serie-A
283,26.0,Mon,2020-03-09,18:30,Sassuolo,1.8,3,Brescia,0.5,0,Serie-A,2019-2020,1,https://fbref.com/en/matches/8f0d9171/Sassuolo-Brescia-March-9-2020-Serie-A
285,25.0,Sat,2020-06-20,19:30,Torino,2.4,1,Parma,0.2,1,Serie-A,2019-2020,0,https://fbref.com/en/matches/629ac3e4/Torino-Parma-June-20-2020-Serie-A
286,25.0,Sat,2020-06-20,21:45,Hellas Verona,0.5,2,Cagliari,1.0,1,Serie-A,2019-2020,1,https://fbref.com/en/matches/cfacfcaa/Hellas-Verona-Cagliari-June-20-2020-Serie-A
287,25.0,Sun,2020-06-21,19:30,Atalanta,2.5,4,Sassuolo,2.6,1,Serie-A,2019-2020,1,https://fbref.com/en/matches/f5729c17/Atalanta-Sassuolo-June-21-2020-Serie-A
288,25.0,Sun,2020-06-21,21:45,Inter,2.3,2,Sampdoria,0.5,1,Serie-A,2019-2020,1,https://fbref.com/en/matches/8eee2633/Internazionale-Sampdoria-June-21-2020-Serie-A
290,27.0,Mon,2020-06-22,19:30,Fiorentina,2.3,1,Brescia,1.2,1,Serie-A,2019-2020,0,https://fbref.com/en/matches/dc1379d4/Fiorentina-Brescia-June-22-2020-Serie-A
291,27.0,Mon,2020-06-22,19:30,Lecce,1.3,1,Milan,2.3,4,Serie-A,2019-2020,-1,https://fbref.com/en/matches/e1f17567/Lecce-Milan-June-22-2020-Serie-A
292,27.0,Mon,2020-06-22,21:45,Bologna,0.8,0,Juventus,1.7,2,Serie-A,2019-2020,-1,https://fbref.com/en/matches/711e1d1f/Bologna-Juventus-June-22-2020-Serie-A
293,27.0,Tue,2020-06-23,19:30,Hellas Verona,1.7,0,Napoli,1.7,2,Serie-A,2019-2020,-1,https://fbref.com/en/matches/38851d41/Hellas-Verona-Napoli-June-23-2020-Serie-A
294,27.0,Tue,2020-06-23,19:30,SPAL,1.1,0,Cagliari,1.5,1,Serie-A,2019-2020,-1,https://fbref.com/en/matches/7509e314/SPAL-Cagliari-June-23-2020-Serie-A
295,27.0,Tue,2020-06-23,21:45,Genoa,2.1,1,Parma,2.0,4,Serie-A,2019-2020,-1,https://fbref.com/en/matches/9637c1c8/Genoa-Parma-June-23-2020-Serie-A
296,27.0,Tue,2020-06-23,21:45,Torino,0.9,1,Udinese,1.6,0,Serie-A,2019-2020,1,https://fbref.com/en/matches/b661835e/Torino-Udinese-June-23-2020-Serie-A
297,27.0,Wed,2020-06-24,19:30,Inter,3.2,3,Sassuolo,2.0,3,Serie-A,2019-2020,0,https://fbref.com/en/matches/d54044f1/Internazionale-Sassuolo-June-24-2020-Serie-A
298,27.0,Wed,2020-06-24,21:45,Atalanta,2.4,3,Lazio,0.5,2,Serie-A,2019-2020,1,https://fbref.com/en/matches/75012b50/Atalanta-Lazio-June-24-2020-Serie-A
299,27.0,Wed,2020-06-24,21:45,Roma,2.4,2,Sampdoria,1.2,1,Serie-A,2019-2020,1,https://fbref.com/en/matches/ab192cc2/Roma-Sampdoria-June-24-2020-Serie-A
301,28.0,Fri,2020-06-26,21:45,Juventus,3.9,4,Lecce,0.3,0,Serie-A,2019-2020,1,https://fbref.com/en/matches/38c0ba71/Juventus-Lecce-June-26-2020-Serie-A
302,28.0,Sat,2020-06-27,17:15,Brescia,1.5,2,Genoa,2.4,2,Serie-A,2019-2020,0,https://fbref.com/en/matches/7a2893f2/Brescia-Genoa-June-27-2020-Serie-A
303,28.0,Sat,2020-06-27,19:30,Cagliari,1.6,4,Torino,1.4,2,Serie-A,2019-2020,1,https://fbref.com/en/matches/13355abd/Cagliari-Torino-June-27-2020-Serie-A
304,28.0,Sat,2020-06-27,21:45,Lazio,1.5,2,Fiorentina,0.5,1,Serie-A,2019-2020,1,https://fbref.com/en/matches/107698b8/Lazio-Fiorentina-June-27-2020-Serie-A
305,28.0,Sun,2020-06-28,17:15,Milan,2.4,2,Roma,0.6,0,Serie-A,2019-2020,1,https://fbref.com/en/matches/fcc08302/Milan-Roma-June-28-2020-Serie-A
306,28.0,Sun,2020-06-28,19:30,Sampdoria,1.1,1,Bologna,2.4,2,Serie-A,2019-2020,-1,https://fbref.com/en/matches/1cba2796/Sampdoria-Bologna-June-28-2020-Serie-A
307,28.0,Sun,2020-06-28,19:30,Sassuolo,1.4,3,Hellas Verona,1.2,3,Serie-A,2019-2020,0,https://fbref.com/en/matches/2e6a73af/Sassuolo-Hellas-Verona-June-28-2020-Serie-A
308,28.0,Sun,2020-06-28,19:30,Udinese,1.6,2,Atalanta,0.8,3,Serie-A,2019-2020,-1,https://fbref.com/en/matches/d5ff17b3/Udinese-Atalanta-June-28-2020-Serie-A
309,28.0,Sun,2020-06-28,19:30,Napoli,1.9,3,SPAL,0.5,1,Serie-A,2019-2020,1,https://fbref.com/en/matches/fb94d82b/Napoli-SPAL-June-28-2020-Serie-A
310,28.0,Sun,2020-06-28,21:45,Parma,1.2,1,Inter,2.2,2,Serie-A,2019-2020,-1,https://fbref.com/en/matches/4d6b7469/Parma-Internazionale-June-28-2020-Serie-A
312,29.0,Tue,2020-06-30,19:30,Torino,0.9,1,Lazio,0.9,2,Serie-A,2019-2020,-1,https://fbref.com/en/matches/399a5268/Torino-Lazio-June-30-2020-Serie-A
313,29.0,Tue,2020-06-30,21:45,Genoa,0.2,1,Juventus,0.8,3,Serie-A,2019-2020,-1,https://fbref.com/en/matches/0331e718/Genoa-Juventus-June-30-2020-Serie-A
314,29.0,Wed,2020-07-01,19:30,Inter,3.7,6,Brescia,0.5,0,Serie-A,2019-2020,1,https://fbref.com/en/matches/0f3622bf/Internazionale-Brescia-July-1-2020-Serie-A
315,29.0,Wed,2020-07-01,19:30,Bologna,1.0,1,Cagliari,1.0,1,Serie-A,2019-2020,0,https://fbref.com/en/matches/a9a5d7eb/Bologna-Cagliari-July-1-2020-Serie-A
316,29.0,Wed,2020-07-01,21:45,SPAL,0.3,2,Milan,1.8,2,Serie-A,2019-2020,0,https://fbref.com/en/matches/0d5984e4/SPAL-Milan-July-1-2020-Serie-A
317,29.0,Wed,2020-07-01,21:45,Fiorentina,1.3,1,Sassuolo,1.8,3,Serie-A,2019-2020,-1,https://fbref.com/en/matches/155edfa9/Fiorentina-Sassuolo-July-1-2020-Serie-A
318,29.0,Wed,2020-07-01,21:45,Lecce,1.7,1,Sampdoria,2.0,2,Serie-A,2019-2020,-1,https://fbref.com/en/matches/52d389e6/Lecce-Sampdoria-July-1-2020-Serie-A
319,29.0,Wed,2020-07-01,21:45,Hellas Verona,2.1,3,Parma,1.6,2,Serie-A,2019-2020,1,https://fbref.com/en/matches/9da7a1f8/Hellas-Verona-Parma-July-1-2020-Serie-A
320,29.0,Thu,2020-07-02,19:30,Atalanta,1.3,2,Napoli,0.7,0,Serie-A,2019-2020,1,https://fbref.com/en/matches/65316256/Atalanta-Napoli-July-2-2020-Serie-A
321,29.0,Thu,2020-07-02,21:45,Roma,1.3,0,Udinese,2.3,2,Serie-A,2019-2020,-1,https://fbref.com/en/matches/15a48a02/Roma-Udinese-July-2-2020-Serie-A
323,30.0,Sat,2020-07-04,17:15,Juventus,1.7,4,Torino,1.7,1,Serie-A,2019-2020,1,https://fbref.com/en/matches/dac442cc/Juventus-Torino-July-4-2020-Serie-A
324,30.0,Sat,2020-07-04,19:30,Sassuolo,1.5,4,Lecce,2.3,2,Serie-A,2019-2020,1,https://fbref.com/en/matches/65350322/Sassuolo-Lecce-July-4-2020-Serie-A
325,30.0,Sat,2020-07-04,21:45,Lazio,0.4,0,Milan,2.2,3,Serie-A,2019-2020,-1,https://fbref.com/en/matches/a12f8897/Lazio-Milan-July-4-2020-Serie-A
326,30.0,Sun,2020-07-05,17:15,Inter,2.5,1,Bologna,1.1,2,Serie-A,2019-2020,-1,https://fbref.com/en/matches/18e2c00a/Internazionale-Bologna-July-5-2020-Serie-A
327,30.0,Sun,2020-07-05,19:30,Brescia,1.4,2,Hellas Verona,0.7,0,Serie-A,2019-2020,1,https://fbref.com/en/matches/1b7463ab/Brescia-Hellas-Verona-July-5-2020-Serie-A
328,30.0,Sun,2020-07-05,19:30,Parma,1.5,1,Fiorentina,2.6,2,Serie-A,2019-2020,-1,https://fbref.com/en/matches/5ddc4157/Parma-Fiorentina-July-5-2020-Serie-A
329,30.0,Sun,2020-07-05,19:30,Sampdoria,1.2,3,SPAL,1.4,0,Serie-A,2019-2020,1,https://fbref.com/en/matches/7a311dd9/Sampdoria-SPAL-July-5-2020-Serie-A
330,30.0,Sun,2020-07-05,19:30,Cagliari,0.4,0,Atalanta,3.3,1,Serie-A,2019-2020,-1,https://fbref.com/en/matches/7d3492a0/Cagliari-Atalanta-July-5-2020-Serie-A
331,30.0,Sun,2020-07-05,19:30,Udinese,0.6,2,Genoa,1.2,2,Serie-A,2019-2020,0,https://fbref.com/en/matches/7da5685f/Udinese-Genoa-July-5-2020-Serie-A
332,30.0,Sun,2020-07-05,21:45,Napoli,2.5,2,Roma,0.8,1,Serie-A,2019-2020,1,https://fbref.com/en/matches/e77b4ee8/Derby-del-Sole-Napoli-Roma-July-5-2020-Serie-A
334,31.0,Tue,2020-07-07,19:30,Lecce,2.6,2,Lazio,2.3,1,Serie-A,2019-2020,1,https://fbref.com/en/matches/b8d24d75/Lecce-Lazio-July-7-2020-Serie-A
335,31.0,Tue,2020-07-07,21:45,Milan,2.2,4,Juventus,1.4,2,Serie-A,2019-2020,1,https://fbref.com/en/matches/384d0cd5/Milan-Juventus-July-7-2020-Serie-A
336,31.0,Wed,2020-07-08,19:30,Genoa,0.5,1,Napoli,1.6,2,Serie-A,2019-2020,-1,https://fbref.com/en/matches/10c1d3be/Genoa-Napoli-July-8-2020-Serie-A
337,31.0,Wed,2020-07-08,19:30,Fiorentina,0.6,0,Cagliari,1.1,0,Serie-A,2019-2020,0,https://fbref.com/en/matches/8ef15379/Fiorentina-Cagliari-July-8-2020-Serie-A
338,31.0,Wed,2020-07-08,21:45,Torino,1.9,3,Brescia,1.4,1,Serie-A,2019-2020,1,https://fbref.com/en/matches/1a567ac6/Torino-Brescia-July-8-2020-Serie-A
339,31.0,Wed,2020-07-08,21:45,Atalanta,1.3,2,Sampdoria,1.1,0,Serie-A,2019-2020,1,https://fbref.com/en/matches/2fdd3ca1/Atalanta-Sampdoria-July-8-2020-Serie-A
340,31.0,Wed,2020-07-08,21:45,Roma,3.2,2,Parma,1.2,1,Serie-A,2019-2020,1,https://fbref.com/en/matches/7210abad/Roma-Parma-July-8-2020-Serie-A
341,31.0,Wed,2020-07-08,21:45,Bologna,1.2,1,Sassuolo,0.9,2,Serie-A,2019-2020,-1,https://fbref.com/en/matches/889c695c/Bologna-Sassuolo-July-8-2020-Serie-A
342,31.0,Thu,2020-07-09,19:30,SPAL,0.5,0,Udinese,1.4,3,Serie-A,2019-2020,-1,https://fbref.com/en/matches/14d20c4d/SPAL-Udinese-July-9-2020-Serie-A
343,31.0,Thu,2020-07-09,21:45,Hellas Verona,1.1,2,Inter,1.3,2,Serie-A,2019-2020,0,https://fbref.com/en/matches/47b869bf/Hellas-Verona-Internazionale-July-9-2020-Serie-A
345,32.0,Sat,2020-07-11,17:15,Lazio,0.6,1,Sassuolo,2.0,2,Serie-A,2019-2020,-1,https://fbref.com/en/matches/3c6e39f7/Lazio-Sassuolo-July-11-2020-Serie-A
346,32.0,Sat,2020-07-11,19:30,Brescia,1.2,0,Roma,2.8,3,Serie-A,2019-2020,-1,https://fbref.com/en/matches/1085d180/Brescia-Roma-July-11-2020-Serie-A
347,32.0,Sat,2020-07-11,21:45,Juventus,2.0,2,Atalanta,0.7,2,Serie-A,2019-2020,0,https://fbref.com/en/matches/69c87fd8/Juventus-Atalanta-July-11-2020-Serie-A
348,32.0,Sun,2020-07-12,17:15,Genoa,2.6,2,SPAL,0.1,0,Serie-A,2019-2020,1,https://fbref.com/en/matches/833e8af0/Genoa-SPAL-July-12-2020-Serie-A
349,32.0,Sun,2020-07-12,19:30,Parma,1.3,2,Bologna,0.6,2,Serie-A,2019-2020,0,https://fbref.com/en/matches/a2cc1cad/Parma-Bologna-July-12-2020-Serie-A
350,32.0,Sun,2020-07-12,19:30,Fiorentina,1.8,1,Hellas Verona,0.8,1,Serie-A,2019-2020,0,https://fbref.com/en/matches/b44bf8d9/Fiorentina-Hellas-Verona-July-12-2020-Serie-A
351,32.0,Sun,2020-07-12,19:30,Udinese,0.8,1,Sampdoria,0.8,3,Serie-A,2019-2020,-1,https://fbref.com/en/matches/c7aef1f9/Udinese-Sampdoria-July-12-2020-Serie-A
352,32.0,Sun,2020-07-12,19:30,Cagliari,2.0,0,Lecce,1.3,0,Serie-A,2019-2020,0,https://fbref.com/en/matches/e2fa228f/Cagliari-Lecce-July-12-2020-Serie-A
353,32.0,Sun,2020-07-12,21:45,Napoli,2.0,2,Milan,1.3,2,Serie-A,2019-2020,0,https://fbref.com/en/matches/fcd04483/Napoli-Milan-July-12-2020-Serie-A
354,32.0,Mon,2020-07-13,21:45,Inter,2.3,3,Torino,1.5,1,Serie-A,2019-2020,1,https://fbref.com/en/matches/add6aa58/Internazionale-Torino-July-13-2020-Serie-A
356,33.0,Tue,2020-07-14,21:45,Atalanta,1.8,6,Brescia,1.0,2,Serie-A,2019-2020,1,https://fbref.com/en/matches/8f6f39fd/Atalanta-Brescia-July-14-2020-Serie-A
357,33.0,Wed,2020-07-15,19:30,Sampdoria,1.4,3,Cagliari,0.6,0,Serie-A,2019-2020,1,https://fbref.com/en/matches/11ba6feb/Sampdoria-Cagliari-July-15-2020-Serie-A
358,33.0,Wed,2020-07-15,19:30,Bologna,0.7,1,Napoli,0.6,1,Serie-A,2019-2020,0,https://fbref.com/en/matches/608ba7e4/Bologna-Napoli-July-15-2020-Serie-A
359,33.0,Wed,2020-07-15,19:30,Milan,2.3,3,Parma,1.0,1,Serie-A,2019-2020,1,https://fbref.com/en/matches/85ebe97d/Milan-Parma-July-15-2020-Serie-A
360,33.0,Wed,2020-07-15,21:45,Udinese,1.2,0,Lazio,0.8,0,Serie-A,2019-2020,0,https://fbref.com/en/matches/3dd32d74/Udinese-Lazio-July-15-2020-Serie-A
361,33.0,Wed,2020-07-15,21:45,Sassuolo,2.5,3,Juventus,2.6,3,Serie-A,2019-2020,0,https://fbref.com/en/matches/4215369c/Sassuolo-Juventus-July-15-2020-Serie-A
362,33.0,Wed,2020-07-15,21:45,Roma,2.3,2,Hellas Verona,1.1,1,Serie-A,2019-2020,1,https://fbref.com/en/matches/6e569080/Roma-Hellas-Verona-July-15-2020-Serie-A
363,33.0,Wed,2020-07-15,21:45,Lecce,0.6,1,Fiorentina,2.2,3,Serie-A,2019-2020,-1,https://fbref.com/en/matches/d39cb4e3/Lecce-Fiorentina-July-15-2020-Serie-A
364,33.0,Thu,2020-07-16,19:30,Torino,1.0,3,Genoa,1.0,0,Serie-A,2019-2020,1,https://fbref.com/en/matches/ca532f16/Torino-Genoa-July-16-2020-Serie-A
365,33.0,Thu,2020-07-16,21:45,SPAL,0.8,0,Inter,2.2,4,Serie-A,2019-2020,-1,https://fbref.com/en/matches/328d9e11/SPAL-Internazionale-July-16-2020-Serie-A
367,34.0,Sat,2020-07-18,17:15,Hellas Verona,0.9,1,Atalanta,1.7,1,Serie-A,2019-2020,0,https://fbref.com/en/matches/05650a7d/Hellas-Verona-Atalanta-July-18-2020-Serie-A
368,34.0,Sat,2020-07-18,19:30,Cagliari,0.4,1,Sassuolo,0.5,1,Serie-A,2019-2020,0,https://fbref.com/en/matches/95476842/Cagliari-Sassuolo-July-18-2020-Serie-A
369,34.0,Sat,2020-07-18,21:45,Milan,2.4,5,Bologna,0.5,1,Serie-A,2019-2020,1,https://fbref.com/en/matches/069123b2/Milan-Bologna-July-18-2020-Serie-A
370,34.0,Sun,2020-07-19,17:15,Parma,1.2,2,Sampdoria,2.0,3,Serie-A,2019-2020,-1,https://fbref.com/en/matches/71c493e6/Parma-Sampdoria-July-19-2020-Serie-A
371,34.0,Sun,2020-07-19,19:30,Genoa,0.4,2,Lecce,1.8,1,Serie-A,2019-2020,1,https://fbref.com/en/matches/27ba435a/Genoa-Lecce-July-19-2020-Serie-A
372,34.0,Sun,2020-07-19,19:30,Napoli,1.3,2,Udinese,0.8,1,Serie-A,2019-2020,1,https://fbref.com/en/matches/6ed7c7da/Napoli-Udinese-July-19-2020-Serie-A
373,34.0,Sun,2020-07-19,19:30,Fiorentina,1.3,2,Torino,0.5,0,Serie-A,2019-2020,1,https://fbref.com/en/matches/705f5fe5/Fiorentina-Torino-July-19-2020-Serie-A
374,34.0,Sun,2020-07-19,19:30,Brescia,1.3,2,SPAL,1.7,1,Serie-A,2019-2020,1,https://fbref.com/en/matches/d2bd21de/Brescia-SPAL-July-19-2020-Serie-A
375,34.0,Sun,2020-07-19,21:45,Roma,1.2,2,Inter,1.5,2,Serie-A,2019-2020,0,https://fbref.com/en/matches/e128fda4/Roma-Internazionale-July-19-2020-Serie-A
376,34.0,Mon,2020-07-20,21:45,Juventus,3.3,2,Lazio,1.4,1,Serie-A,2019-2020,1,https://fbref.com/en/matches/588b69d5/Juventus-Lazio-July-20-2020-Serie-A
378,35.0,Tue,2020-07-21,19:30,Atalanta,1.5,1,Bologna,0.5,0,Serie-A,2019-2020,1,https://fbref.com/en/matches/6d15b9b8/Atalanta-Bologna-July-21-2020-Serie-A
379,35.0,Tue,2020-07-21,21:45,Sassuolo,1.2,1,Milan,2.3,2,Serie-A,2019-2020,-1,https://fbref.com/en/matches/d5ac1520/Sassuolo-Milan-July-21-2020-Serie-A
380,35.0,Wed,2020-07-22,19:30,Parma,2.0,2,Napoli,1.6,1,Serie-A,2019-2020,1,https://fbref.com/en/matches/859ed9c8/Parma-Napoli-July-22-2020-Serie-A
381,35.0,Wed,2020-07-22,21:45,Sampdoria,1.1,1,Genoa,1.1,2,Serie-A,2019-2020,-1,https://fbref.com/en/matches/4f400c38/Sampdoria-Genoa-July-22-2020-Serie-A
382,35.0,Wed,2020-07-22,21:45,Torino,0.8,1,Hellas Verona,1.4,1,Serie-A,2019-2020,0,https://fbref.com/en/matches/a97c607e/Torino-Hellas-Verona-July-22-2020-Serie-A
383,35.0,Wed,2020-07-22,21:45,Inter,2.4,0,Fiorentina,1.0,0,Serie-A,2019-2020,0,https://fbref.com/en/matches/ab64eb44/Internazionale-Fiorentina-July-22-2020-Serie-A
384,35.0,Wed,2020-07-22,21:45,Lecce,2.7,3,Brescia,1.0,1,Serie-A,2019-2020,1,https://fbref.com/en/matches/c7b804c0/Lecce-Brescia-July-22-2020-Serie-A
385,35.0,Wed,2020-07-22,21:45,SPAL,0.8,1,Roma,1.6,6,Serie-A,2019-2020,-1,https://fbref.com/en/matches/f525b6e8/SPAL-Roma-July-22-2020-Serie-A
386,35.0,Thu,2020-07-23,19:30,Udinese,1.1,2,Juventus,0.7,1,Serie-A,2019-2020,1,https://fbref.com/en/matches/bd1039f3/Udinese-Juventus-July-23-2020-Serie-A
387,35.0,Thu,2020-07-23,21:45,Lazio,1.6,2,Cagliari,0.6,1,Serie-A,2019-2020,1,https://fbref.com/en/matches/ac261955/Lazio-Cagliari-July-23-2020-Serie-A
389,36.0,Fri,2020-07-24,21:45,Milan,0.5,1,Atalanta,2.0,1,Serie-A,2019-2020,0,https://fbref.com/en/matches/8eb861f9/Milan-Atalanta-July-24-2020-Serie-A
390,36.0,Sat,2020-07-25,17:15,Brescia,1.7,1,Parma,1.6,2,Serie-A,2019-2020,-1,https://fbref.com/en/matches/22a89a37/Brescia-Parma-July-25-2020-Serie-A
391,36.0,Sat,2020-07-25,19:30,Genoa,0.5,0,Inter,2.1,3,Serie-A,2019-2020,-1,https://fbref.com/en/matches/ae7acfba/Genoa-Internazionale-July-25-2020-Serie-A
392,36.0,Sat,2020-07-25,21:45,Napoli,2.1,2,Sassuolo,0.6,0,Serie-A,2019-2020,1,https://fbref.com/en/matches/d0a7b712/Napoli-Sassuolo-July-25-2020-Serie-A
393,36.0,Sun,2020-07-26,17:15,Bologna,2.6,3,Lecce,2.2,2,Serie-A,2019-2020,1,https://fbref.com/en/matches/5bfe966b/Bologna-Lecce-July-26-2020-Serie-A
394,36.0,Sun,2020-07-26,19:30,Roma,2.7,2,Fiorentina,0.8,1,Serie-A,2019-2020,1,https://fbref.com/en/matches/66a750bd/Roma-Fiorentina-July-26-2020-Serie-A
395,36.0,Sun,2020-07-26,19:30,SPAL,0.4,1,Torino,1.7,1,Serie-A,2019-2020,0,https://fbref.com/en/matches/ab419e0b/SPAL-Torino-July-26-2020-Serie-A
396,36.0,Sun,2020-07-26,19:30,Hellas Verona,1.8,1,Lazio,2.3,5,Serie-A,2019-2020,-1,https://fbref.com/en/matches/e67f3da1/Hellas-Verona-Lazio-July-26-2020-Serie-A
397,36.0,Sun,2020-07-26,19:30,Cagliari,1.4,0,Udinese,1.0,1,Serie-A,2019-2020,-1,https://fbref.com/en/matches/f09e4b58/Cagliari-Udinese-July-26-2020-Serie-A
398,36.0,Sun,2020-07-26,21:45,Juventus,3.0,2,Sampdoria,1.7,0,Serie-A,2019-2020,1,https://fbref.com/en/matches/d2da585b/Juventus-Sampdoria-July-26-2020-Serie-A
400,37.0,Tue,2020-07-28,19:30,Parma,1.7,1,Atalanta,1.4,2,Serie-A,2019-2020,-1,https://fbref.com/en/matches/3ed750d6/Parma-Atalanta-July-28-2020-Serie-A
401,37.0,Tue,2020-07-28,21:45,Inter,0.6,2,Napoli,1.1,0,Serie-A,2019-2020,1,https://fbref.com/en/matches/e5481cdd/Internazionale-Napoli-July-28-2020-Serie-A
402,37.0,Wed,2020-07-29,19:30,Hellas Verona,2.0,3,SPAL,0.7,0,Serie-A,2019-2020,1,https://fbref.com/en/matches/5d41021d/Hellas-Verona-SPAL-July-29-2020-Serie-A
403,37.0,Wed,2020-07-29,19:30,Udinese,1.2,1,Lecce,2.2,2,Serie-A,2019-2020,-1,https://fbref.com/en/matches/6f8b0e57/Udinese-Lecce-July-29-2020-Serie-A
404,37.0,Wed,2020-07-29,19:30,Lazio,3.5,2,Brescia,0.7,0,Serie-A,2019-2020,1,https://fbref.com/en/matches/b0e8501c/Lazio-Brescia-July-29-2020-Serie-A
405,37.0,Wed,2020-07-29,19:30,Sassuolo,2.6,5,Genoa,1.1,0,Serie-A,2019-2020,1,https://fbref.com/en/matches/dd1b303e/Sassuolo-Genoa-July-29-2020-Serie-A
406,37.0,Wed,2020-07-29,19:30,Sampdoria,2.3,1,Milan,2.7,4,Serie-A,2019-2020,-1,https://fbref.com/en/matches/f37d9898/Sampdoria-Milan-July-29-2020-Serie-A
407,37.0,Wed,2020-07-29,21:45,Fiorentina,2.1,4,Bologna,1.4,0,Serie-A,2019-2020,1,https://fbref.com/en/matches/0a478689/Derby-dellAppennino-Fiorentina-Bologna-July-29-2020-Serie-A
408,37.0,Wed,2020-07-29,21:45,Torino,0.9,2,Roma,2.1,3,Serie-A,2019-2020,-1,https://fbref.com/en/matches/710a1dbf/Torino-Roma-July-29-2020-Serie-A
409,37.0,Wed,2020-07-29,21:45,Cagliari,1.1,2,Juventus,1.7,0,Serie-A,2019-2020,1,https://fbref.com/en/matches/7c93a395/Cagliari-Juventus-July-29-2020-Serie-A
411,38.0,Sat,2020-08-01,18:00,Brescia,1.7,1,Sampdoria,1.9,1,Serie-A,2019-2020,0,https://fbref.com/en/matches/d1352c1c/Brescia-Sampdoria-August-1-2020-Serie-A
412,38.0,Sat,2020-08-01,20:45,Juventus,1.2,1,Roma,1.7,3,Serie-A,2019-2020,-1,https://fbref.com/en/matches/6277f415/Juventus-Roma-August-1-2020-Serie-A
413,38.0,Sat,2020-08-01,20:45,Napoli,1.7,3,Lazio,1.2,1,Serie-A,2019-2020,1,https://fbref.com/en/matches/671ca1ba/Napoli-Lazio-August-1-2020-Serie-A
414,38.0,Sat,2020-08-01,20:45,Atalanta,1.2,0,Inter,0.7,2,Serie-A,2019-2020,-1,https://fbref.com/en/matches/a49b41b1/Atalanta-Internazionale-August-1-2020-Serie-A
415,38.0,Sat,2020-08-01,20:45,Milan,2.7,3,Cagliari,0.2,0,Serie-A,2019-2020,1,https://fbref.com/en/matches/d4584839/Milan-Cagliari-August-1-2020-Serie-A
416,38.0,Sun,2020-08-02,18:00,SPAL,0.5,1,Fiorentina,2.3,3,Serie-A,2019-2020,-1,https://fbref.com/en/matches/73dc3e92/SPAL-Fiorentina-August-2-2020-Serie-A
417,38.0,Sun,2020-08-02,20:45,Genoa,0.8,3,Hellas Verona,1.1,0,Serie-A,2019-2020,1,https://fbref.com/en/matches/014d1244/Genoa-Hellas-Verona-August-2-2020-Serie-A
418,38.0,Sun,2020-08-02,20:45,Sassuolo,1.3,0,Udinese,1.7,1,Serie-A,2019-2020,-1,https://fbref.com/en/matches/6fc1b0dd/Sassuolo-Udinese-August-2-2020-Serie-A
419,38.0,Sun,2020-08-02,20:45,Bologna,0.9,1,Torino,1.9,1,Serie-A,2019-2020,0,https://fbref.com/en/matches/9d9f22b7/Bologna-Torino-August-2-2020-Serie-A
420,38.0,Sun,2020-08-02,20:45,Lecce,2.7,3,Parma,3.2,4,Serie-A,2019-2020,-1,https://fbref.com/en/matches/a2f2dce1/Lecce-Parma-August-2-2020-Serie-A
